original_id,changed_attribute,original_value,counterfactual_value,original_approved,counterfactual_approved,decision_changed,income,credit_score,debt_to_income
4944,race,White,Asian,1,1,False,71920,687,0.205
7439,gender,Male,Female,0,0,False,52581,643,0.42
7260,gender,Female,Male,0,1,True,33824,742,0.247
9377,race,Black,White,0,0,False,35810,595,0.5
6188,gender,Female,Male,1,0,True,22202,698,0.245
8833,race,Black,Asian,0,0,False,34679,621,0.443
2019,gender,Male,Female,1,1,False,34433,828,0.418
3756,gender,Female,Male,1,1,False,115779,731,0.363
9267,race,White,Hispanic,0,0,False,83519,694,0.328
666,race,White,Hispanic,0,0,False,20560,672,0.282
1483,race,White,Black,0,0,False,27095,682,0.462
2308,gender,Female,Male,0,0,False,33167,678,0.542
4774,gender,Male,Female,0,0,False,47165,712,0.527
975,gender,Female,Male,0,0,False,85128,659,0.566
5799,race,Asian,Black,1,0,True,53309,770,0.437
3201,race,White,Hispanic,0,0,False,52761,670,0.247
4678,gender,Female,Male,0,0,False,53041,660,0.45
1658,race,White,Hispanic,0,0,False,69427,597,0.367
7437,gender,Male,Female,0,0,False,39514,706,0.475
7409,gender,Male,Female,0,0,False,37824,650,0.527
7875,gender,Female,Male,1,1,False,37269,808,0.341
5203,gender,Male,Female,1,0,True,35321,741,0.516
9620,race,White,Asian,0,0,False,47058,639,0.501
2249,race,White,Asian,0,0,False,48025,669,0.514
7610,race,White,Asian,1,0,True,36786,730,0.439
4612,gender,Female,Male,1,1,False,66155,684,0.293
4302,gender,Female,Male,0,0,False,21587,694,0.312
2512,gender,Female,Male,0,0,False,62868,673,0.508
8876,race,White,Asian,1,1,False,20000,824,0.203
9879,gender,Male,Female,0,0,False,20000,689,0.541
1947,gender,Male,Female,1,1,False,46654,783,0.501
3103,gender,Male,Female,1,1,False,84353,758,0.432
5354,gender,Female,Male,1,1,False,92299,801,0.393
4183,race,Black,Asian,1,0,True,31865,775,0.285
5107,gender,Male,Female,1,1,False,20000,801,0.279
4453,gender,Male,Female,0,0,False,40376,550,0.314
9689,gender,Female,Male,1,1,False,101717,734,0.535
8982,race,Black,Asian,0,0,False,32285,658,0.252
337,gender,Male,Female,0,0,False,28205,626,0.531
1570,race,White,Asian,0,1,True,115149,773,0.322
3928,race,Black,White,0,0,False,34223,628,0.633
7013,gender,Female,Male,1,1,False,105751,756,0.434
3719,gender,Male,Female,1,1,False,284415,850,0.429
4397,race,White,Black,0,0,False,43154,676,0.12
6325,race,White,Asian,0,0,False,62788,724,0.29
6888,race,White,Asian,0,0,False,20000,715,0.222
6878,race,White,Hispanic,1,1,False,111920,850,0.414
9536,race,White,Asian,1,0,True,36606,697,0.314
446,race,Asian,Hispanic,0,0,False,23340,623,0.287
8319,race,Hispanic,Asian,0,0,False,20000,588,0.283
904,gender,Female,Male,0,0,False,34319,634,0.448
9638,race,White,Asian,0,0,False,27425,613,0.29
6770,gender,Female,Male,0,0,False,30909,550,0.395
8596,gender,Female,Male,1,1,False,59980,736,0.48
6647,race,Hispanic,Black,0,0,False,68298,640,0.467
2289,gender,Male,Female,1,1,False,53295,784,0.12
1336,gender,Female,Male,0,0,False,27124,611,0.426
2918,gender,Female,Male,0,0,False,30998,648,0.404
7328,race,Black,White,1,1,False,27616,731,0.298
7197,race,White,Black,0,0,False,69238,715,0.162
9427,gender,Male,Female,0,0,False,22453,721,0.399
6125,gender,Male,Female,0,0,False,22857,700,0.3
1352,race,White,Hispanic,1,0,True,66217,709,0.419
2311,gender,Female,Male,0,0,False,31980,607,0.3
8695,gender,Male,Female,1,1,False,40812,751,0.459
3652,race,White,Black,1,0,True,54242,744,0.484
3844,race,White,Asian,1,1,False,107254,700,0.315
8238,gender,Male,Female,0,0,False,68837,635,0.487
4116,gender,Male,Female,1,0,True,24126,705,0.439
1281,race,Black,Hispanic,1,1,False,157624,708,0.465
1182,race,White,Asian,0,0,False,121063,652,0.486
6278,race,White,Asian,1,0,True,20000,771,0.476
3126,race,Black,Hispanic,0,0,False,32967,632,0.396
1548,race,White,Asian,0,0,False,20000,708,0.21
9667,race,White,Asian,0,0,False,20000,710,0.427
2601,gender,Male,Female,1,0,True,57945,637,0.434
280,race,Hispanic,Black,1,0,True,36606,797,0.259
1221,race,Asian,White,0,1,True,24194,690,0.184
8050,race,White,Hispanic,0,0,False,92914,767,0.475
2701,race,White,Hispanic,1,0,True,20000,769,0.494
9257,race,White,Asian,0,0,False,40599,755,0.459
7372,race,Black,Asian,0,0,False,78424,644,0.538
7951,race,Asian,Hispanic,0,0,False,55775,718,0.367
7901,gender,Male,Female,0,0,False,63625,647,0.274
8768,gender,Male,Female,0,0,False,20000,647,0.48
1289,race,White,Black,1,0,True,83201,688,0.402
4832,gender,Male,Female,0,0,False,45489,572,0.642
4503,race,White,Hispanic,1,0,True,38918,708,0.317
9950,race,White,Asian,0,0,False,36976,676,0.508
1663,gender,Female,Male,0,0,False,24455,723,0.329
3116,gender,Female,Male,0,0,False,20000,592,0.23
9712,gender,Male,Female,0,0,False,33054,624,0.337
3422,gender,Male,Female,0,0,False,46879,621,0.339
4673,race,Black,Asian,0,0,False,20000,670,0.306
594,race,White,Asian,1,1,False,85890,695,0.306
1158,race,Hispanic,White,0,1,True,62352,709,0.402
3910,race,White,Asian,0,0,False,36215,698,0.364
8091,race,Hispanic,White,0,0,False,31785,667,0.285
4853,gender,Female,Male,0,0,False,30251,708,0.275
4591,gender,Female,Male,1,1,False,138616,791,0.372
8152,race,Hispanic,Black,0,0,False,23154,622,0.421
1241,gender,Male,Female,0,0,False,39797,715,0.245
8581,gender,Male,Female,0,0,False,20431,688,0.596
4134,gender,Male,Female,1,0,True,20000,614,0.262
5690,gender,Female,Male,0,0,False,20750,670,0.533
7769,race,White,Asian,1,0,True,62685,661,0.412
218,gender,Male,Female,0,0,False,32943,648,0.48
1013,race,Asian,Black,0,0,False,30199,722,0.378
4141,gender,Male,Female,1,1,False,112011,742,0.461
208,race,Black,Hispanic,0,0,False,72525,671,0.435
1267,gender,Female,Male,0,0,False,20337,669,0.399
4097,race,White,Asian,1,1,False,73838,746,0.276
6522,gender,Female,Male,1,1,False,35311,732,0.341
5395,race,Black,Asian,0,0,False,45120,662,0.279
2569,race,Hispanic,Black,0,0,False,36100,624,0.359
5530,gender,Male,Female,1,0,True,73622,729,0.508
8810,gender,Female,Male,0,0,False,36838,677,0.524
6436,race,White,Black,0,0,False,20948,747,0.501
4530,race,White,Hispanic,0,0,False,77134,714,0.342
1120,race,White,Hispanic,1,0,True,69857,773,0.314
6458,race,White,Hispanic,0,0,False,29433,638,0.267
8178,race,Black,Asian,1,0,True,39249,716,0.449
2427,race,White,Hispanic,0,0,False,33090,652,0.269
2967,gender,Male,Female,0,0,False,98495,596,0.585
4476,race,White,Black,1,0,True,70399,762,0.458
2651,race,White,Asian,0,0,False,112085,674,0.476
9019,race,White,Black,1,0,True,86877,747,0.364
8057,race,White,Black,1,0,True,123304,716,0.531
6422,gender,Male,Female,0,0,False,35649,663,0.548
1870,race,Black,White,1,0,True,25459,703,0.561
2789,race,Asian,Hispanic,0,0,False,36031,712,0.395
3085,race,Black,White,1,0,True,20000,669,0.394
3917,race,Black,Asian,0,0,False,38634,550,0.513
4323,gender,Female,Male,0,0,False,44779,661,0.386
660,race,White,Asian,1,0,True,101076,646,0.242
4373,gender,Female,Male,0,0,False,62937,652,0.474
2118,gender,Female,Male,1,0,True,78936,722,0.434
7478,gender,Female,Male,0,0,False,22771,642,0.578
1732,race,Black,Hispanic,1,0,True,63517,736,0.258
1789,race,White,Black,1,0,True,132427,754,0.433
9677,race,Asian,Hispanic,0,0,False,20000,632,0.269
5843,gender,Male,Female,0,0,False,40320,675,0.381
219,race,Black,Hispanic,0,0,False,20000,618,0.247
413,race,Asian,White,1,1,False,64117,727,0.32
1697,gender,Male,Female,0,0,False,20472,667,0.535
4703,race,Black,Hispanic,0,0,False,48585,642,0.545
6270,race,Black,White,1,0,True,59785,619,0.535
6448,race,White,Asian,0,0,False,23994,639,0.369
9159,race,Black,Asian,1,0,True,35552,720,0.196
6135,gender,Male,Female,1,1,False,96947,738,0.455
5681,gender,Female,Male,0,0,False,57325,688,0.427
5214,gender,Male,Female,0,0,False,42269,715,0.608
3430,race,White,Hispanic,1,0,True,67834,762,0.387
3145,race,White,Hispanic,1,0,True,69922,738,0.485
9215,gender,Male,Female,1,1,False,141850,739,0.398
252,gender,Male,Female,0,0,False,42357,682,0.302
2056,gender,Male,Female,1,0,True,56950,751,0.33
7263,race,Black,Asian,0,0,False,20000,695,0.439
7566,race,Hispanic,White,0,1,True,38845,746,0.177
4051,race,Asian,Hispanic,0,0,False,71610,756,0.332
871,gender,Male,Female,1,1,False,56184,808,0.454
5072,race,Black,Asian,1,1,False,82783,742,0.515
6756,gender,Female,Male,1,1,False,30753,807,0.415
8681,race,White,Hispanic,1,1,False,78477,789,0.297
4166,gender,Male,Female,1,1,False,199585,799,0.347
5586,race,White,Asian,0,0,False,69442,678,0.245
909,race,White,Hispanic,0,0,False,52759,699,0.186
5108,race,White,Black,0,0,False,72897,690,0.374
6696,gender,Female,Male,0,0,False,26136,634,0.221
679,gender,Male,Female,0,0,False,81310,708,0.48
22,race,White,Black,1,0,True,71233,665,0.233
4605,race,Hispanic,White,0,0,False,32278,652,0.52
4727,gender,Female,Male,0,0,False,48592,615,0.341
179,race,Asian,Hispanic,0,0,False,51121,653,0.462
1482,race,White,Black,1,0,True,60190,612,0.241
9021,race,White,Asian,0,0,False,29078,659,0.365
3435,race,Black,Asian,0,0,False,38180,622,0.223
7203,race,White,Hispanic,1,1,False,114042,824,0.495
5124,race,White,Black,0,0,False,20000,660,0.484
7429,race,Black,Hispanic,1,0,True,20000,719,0.341
305,gender,Male,Female,0,0,False,54927,597,0.384
4859,gender,Female,Male,0,1,True,99537,734,0.369
1887,gender,Male,Female,1,1,False,34885,787,0.457
9602,gender,Male,Female,0,0,False,41549,623,0.434
699,race,White,Black,1,0,True,121572,757,0.437
51,gender,Female,Male,0,0,False,76637,695,0.286
772,gender,Female,Male,0,0,False,20000,679,0.366
6740,gender,Female,Male,1,1,False,254341,850,0.312
8642,race,White,Hispanic,0,0,False,20000,633,0.421
4175,gender,Female,Male,0,0,False,29181,648,0.294
4351,race,Hispanic,Black,0,0,False,114306,736,0.391
6849,gender,Male,Female,0,0,False,118696,699,0.513
7643,gender,Male,Female,0,0,False,50014,739,0.326
6433,race,Hispanic,White,0,0,False,20617,622,0.448
7076,gender,Male,Female,1,1,False,52536,753,0.309
9123,race,Black,Hispanic,1,0,True,68398,652,0.363
7803,gender,Male,Female,0,0,False,52238,684,0.415
394,race,Hispanic,Asian,0,0,False,20000,649,0.248
5925,gender,Male,Female,1,1,False,140631,759,0.285
8299,gender,Male,Female,1,1,False,39258,807,0.382
84,race,White,Asian,0,0,False,59520,695,0.51
4395,race,Asian,Hispanic,0,0,False,46067,774,0.299
5404,gender,Male,Female,1,1,False,55941,807,0.539
5708,race,White,Asian,1,1,False,117776,778,0.349
4869,race,White,Black,1,0,True,20000,723,0.205
9037,race,White,Hispanic,0,0,False,91281,669,0.443
4168,gender,Female,Male,0,0,False,48495,741,0.52
6700,gender,Male,Female,0,0,False,46222,679,0.272
1479,gender,Male,Female,0,0,False,20000,587,0.514
4236,race,White,Hispanic,1,0,True,106155,713,0.525
1031,race,White,Hispanic,0,0,False,50478,735,0.243
6863,gender,Male,Female,1,0,True,79296,748,0.532
7825,gender,Male,Female,1,1,False,118395,756,0.277
8375,gender,Male,Female,0,0,False,37506,721,0.422
6103,race,White,Hispanic,0,0,False,23673,654,0.29
2903,race,White,Hispanic,0,0,False,20000,744,0.3
2121,race,Hispanic,White,0,0,False,35083,648,0.429
6157,race,Black,Hispanic,1,0,True,67856,705,0.41
3534,race,White,Black,1,0,True,62039,767,0.163
6634,gender,Male,Female,0,0,False,30823,642,0.451
562,gender,Female,Male,0,0,False,51219,672,0.508
5972,gender,Male,Female,0,0,False,40669,702,0.386
9736,race,Black,White,0,0,False,128284,562,0.493
7904,gender,Male,Female,0,0,False,20951,766,0.427
3714,gender,Male,Female,1,0,True,48082,697,0.507
6941,race,Hispanic,Asian,0,0,False,52255,650,0.258
7218,gender,Female,Male,0,0,False,20374,550,0.561
5232,gender,Female,Male,1,1,False,30456,738,0.216
9653,gender,Female,Male,0,0,False,20000,647,0.425
2779,race,White,Black,0,0,False,66197,691,0.38
5233,race,Black,White,0,0,False,39168,658,0.575
7569,gender,Female,Male,0,0,False,43268,618,0.476
2456,race,White,Hispanic,0,0,False,83891,703,0.522
5542,gender,Male,Female,0,0,False,24278,699,0.565
8531,gender,Male,Female,0,0,False,70277,666,0.397
7946,race,White,Black,0,0,False,20850,637,0.256
2754,race,White,Black,0,0,False,24841,670,0.332
1904,gender,Male,Female,1,0,True,34078,670,0.269
99,gender,Male,Female,0,0,False,23682,706,0.284
7637,gender,Male,Female,0,0,False,42968,729,0.538
1097,race,White,Hispanic,0,0,False,54774,718,0.492
9634,race,Black,Asian,1,0,True,94291,690,0.297
3270,gender,Female,Male,0,0,False,20000,636,0.603
9563,gender,Male,Female,0,0,False,48070,635,0.224
7771,gender,Female,Male,1,0,True,28362,664,0.225
7683,gender,Female,Male,0,0,False,21752,602,0.312
885,race,Hispanic,White,0,1,True,27902,720,0.285
6711,gender,Female,Male,0,0,False,23903,668,0.267
7441,gender,Female,Male,0,0,False,101987,594,0.354
687,race,White,Black,1,0,True,49272,795,0.294
3642,race,Asian,White,1,1,False,61418,790,0.125
9723,gender,Male,Female,0,0,False,26815,656,0.398
335,race,White,Asian,0,0,False,51009,652,0.554
2921,gender,Female,Male,0,1,True,66366,746,0.413
2906,race,White,Hispanic,0,0,False,26994,696,0.228
6179,race,White,Hispanic,0,0,False,37278,620,0.497
1843,gender,Female,Male,0,1,True,42971,731,0.34
3074,race,White,Black,0,0,False,49128,629,0.515
4192,race,Hispanic,Asian,0,0,False,25963,664,0.453
7812,gender,Male,Female,0,0,False,50360,648,0.355
7297,gender,Female,Male,0,1,True,40396,686,0.171
3541,race,White,Hispanic,1,0,True,20000,715,0.349
5196,gender,Male,Female,0,0,False,43724,671,0.528
7337,gender,Male,Female,0,0,False,36477,617,0.371
216,gender,Female,Male,0,0,False,20013,685,0.118
3504,gender,Male,Female,1,0,True,20000,718,0.452
925,gender,Female,Male,0,0,False,41116,650,0.459
1399,race,Black,Asian,1,0,True,22302,685,0.296
5832,race,White,Asian,1,0,True,37219,723,0.524
948,gender,Female,Male,0,0,False,64703,650,0.552
8573,race,White,Black,0,0,False,42641,679,0.269
575,race,Hispanic,Asian,0,0,False,34201,661,0.338
7792,race,White,Black,0,0,False,38512,680,0.256
497,race,White,Black,1,0,True,34873,735,0.32
6356,gender,Female,Male,1,1,False,114394,766,0.294
6688,race,White,Black,1,0,True,50517,706,0.403
3204,gender,Female,Male,0,0,False,22523,585,0.258
6495,gender,Male,Female,0,0,False,33822,662,0.538
2803,gender,Female,Male,1,1,False,72784,818,0.258
984,race,White,Hispanic,0,0,False,26725,607,0.239
1795,race,White,Hispanic,1,1,False,115743,748,0.419
6966,gender,Female,Male,1,1,False,90635,744,0.443
5879,gender,Male,Female,0,0,False,30681,713,0.392
2222,race,White,Asian,0,0,False,59232,663,0.207
7532,race,White,Asian,1,0,True,40741,638,0.432
5541,gender,Male,Female,1,0,True,27926,720,0.423
5495,gender,Male,Female,1,1,False,131800,800,0.46
548,gender,Female,Male,0,0,False,76818,721,0.525
6486,race,White,Black,1,0,True,89487,744,0.181
8866,race,Black,White,0,0,False,20000,595,0.266
8618,race,White,Hispanic,0,0,False,46311,722,0.421
3206,race,Hispanic,White,0,0,False,76895,733,0.623
8246,race,Black,Asian,0,0,False,34246,627,0.23
5224,gender,Female,Male,0,1,True,31984,738,0.278
4434,race,Asian,White,0,1,True,77737,761,0.399
1484,gender,Female,Male,0,0,False,61922,645,0.184
607,gender,Female,Male,0,0,False,20000,666,0.161
4850,gender,Male,Female,1,1,False,156338,726,0.281
6245,race,Hispanic,Asian,0,0,False,40773,583,0.466
9571,race,White,Black,0,0,False,23338,585,0.356
5418,gender,Male,Female,0,0,False,36311,750,0.558
7659,race,White,Hispanic,1,0,True,100102,645,0.327
9830,gender,Female,Male,0,0,False,38091,591,0.342
6948,gender,Female,Male,0,1,True,54290,768,0.444
9351,gender,Male,Female,1,0,True,87232,705,0.402
5191,gender,Female,Male,0,1,True,32540,737,0.243
4791,race,White,Black,1,0,True,70123,714,0.189
4428,gender,Male,Female,0,0,False,36061,703,0.303
2546,race,White,Black,1,1,False,196980,812,0.433
2360,gender,Male,Female,0,0,False,41182,656,0.348
6537,race,Black,White,1,0,True,24379,687,0.161
3328,race,White,Black,0,0,False,51591,687,0.441
4741,gender,Female,Male,0,0,False,55029,630,0.443
6160,gender,Male,Female,0,1,True,151346,816,0.411
9545,gender,Female,Male,0,1,True,33541,742,0.276
1918,race,White,Hispanic,0,0,False,25858,614,0.356
6945,gender,Male,Female,1,1,False,86435,782,0.534
4458,race,White,Hispanic,1,0,True,84189,769,0.4
2387,race,White,Asian,1,0,True,72617,769,0.417
2506,race,White,Asian,0,0,False,39691,683,0.327
6133,gender,Female,Male,1,1,False,36459,756,0.399
8100,race,White,Black,1,0,True,149902,674,0.283
8654,gender,Female,Male,0,0,False,41923,632,0.422
7538,race,White,Hispanic,1,0,True,20000,659,0.179
9666,gender,Female,Male,0,0,False,20000,644,0.533
9925,gender,Male,Female,1,0,True,34853,662,0.397
5076,gender,Female,Male,0,0,False,22995,714,0.543
1032,race,White,Black,0,0,False,32860,678,0.272
4650,gender,Female,Male,0,1,True,53016,689,0.261
7033,race,White,Black,1,0,True,184077,702,0.588
1804,gender,Female,Male,1,1,False,26070,704,0.183
8430,gender,Male,Female,0,0,False,33255,705,0.424
2307,gender,Male,Female,1,0,True,21833,679,0.356
7471,race,Hispanic,White,0,0,False,22328,712,0.355
6890,race,White,Asian,0,0,False,20000,646,0.21
8831,gender,Female,Male,0,0,False,55684,689,0.381
6217,race,White,Black,1,1,False,149320,779,0.295
2082,race,White,Asian,0,0,False,25719,667,0.439
749,gender,Male,Female,0,0,False,54025,694,0.328
1726,race,White,Black,0,0,False,80314,606,0.301
2950,race,Asian,Hispanic,0,0,False,38808,624,0.165
8186,race,White,Black,1,0,True,24359,850,0.547
8067,gender,Male,Female,1,1,False,66239,835,0.236
8166,race,White,Black,0,0,False,25003,648,0.196
2907,gender,Female,Male,0,0,False,36517,679,0.136
2856,race,White,Hispanic,1,0,True,87997,671,0.391
2632,race,Black,Asian,0,0,False,36034,637,0.592
8496,race,Asian,Black,0,0,False,47293,736,0.547
66,race,White,Asian,1,1,False,132703,850,0.533
7887,gender,Male,Female,1,1,False,77770,762,0.492
8407,race,White,Hispanic,0,0,False,20000,634,0.315
8028,gender,Female,Male,0,0,False,41501,640,0.405
3192,race,Asian,Hispanic,0,0,False,20000,671,0.415
2808,race,White,Asian,0,0,False,44270,717,0.348
2718,race,Asian,Hispanic,0,0,False,33520,708,0.458
226,gender,Female,Male,1,1,False,35164,738,0.182
294,race,White,Hispanic,0,0,False,48415,702,0.429
4162,race,White,Black,1,0,True,69076,661,0.395
6487,gender,Female,Male,0,0,False,20000,653,0.238
7945,race,White,Hispanic,1,1,False,99236,779,0.288
4948,gender,Male,Female,0,0,False,30546,618,0.245
6379,race,Asian,Hispanic,0,0,False,20000,681,0.179
4146,race,Black,White,1,0,True,20000,683,0.433
2306,race,White,Black,0,0,False,79119,637,0.516
1039,race,White,Black,0,0,False,47133,588,0.228
4582,gender,Male,Female,1,1,False,126971,691,0.462
7354,gender,Male,Female,1,0,True,20000,730,0.403
9024,race,White,Hispanic,0,0,False,41559,574,0.195
6562,gender,Female,Male,1,1,False,41810,755,0.209
6744,race,Hispanic,Asian,0,0,False,20000,695,0.595
9836,race,White,Hispanic,1,1,False,140934,744,0.309
7723,gender,Male,Female,1,1,False,98110,740,0.281
881,race,White,Hispanic,0,0,False,55040,673,0.456
3311,gender,Male,Female,1,0,True,48059,637,0.414
3090,race,White,Black,1,0,True,93135,754,0.241
1810,race,White,Asian,1,0,True,63383,760,0.359
9242,gender,Male,Female,0,0,False,20000,611,0.457
4167,race,White,Hispanic,0,0,False,44073,692,0.497
4603,race,Asian,Hispanic,0,0,False,42606,736,0.334
119,gender,Male,Female,0,0,False,74448,734,0.395
1680,race,Black,Hispanic,0,0,False,58290,567,0.45
3357,race,Black,White,1,0,True,25272,686,0.354
3092,gender,Male,Female,0,0,False,76635,657,0.422
6392,gender,Male,Female,1,1,False,42266,745,0.428
2124,race,White,Black,1,0,True,40970,738,0.253
1118,gender,Female,Male,0,0,False,60292,731,0.229
3625,race,White,Black,1,0,True,72701,719,0.244
4127,race,Black,Asian,0,0,False,58432,632,0.291
7436,gender,Male,Female,1,1,False,234967,773,0.36
7129,gender,Male,Female,0,1,True,61692,645,0.33
3857,race,White,Asian,0,0,False,28891,726,0.563
5822,race,White,Hispanic,0,0,False,44506,669,0.141
5311,race,White,Hispanic,1,0,True,104014,769,0.444
7216,race,Black,Asian,0,0,False,33431,699,0.502
5481,race,Hispanic,Asian,0,0,False,108255,644,0.492
7300,gender,Female,Male,0,0,False,33199,649,0.385
3086,race,Black,Asian,1,0,True,53491,637,0.374
4663,race,White,Hispanic,1,0,True,55924,666,0.24
4374,gender,Female,Male,1,0,True,98716,648,0.39
8665,race,White,Hispanic,0,0,False,39516,656,0.33
4085,gender,Male,Female,0,0,False,41219,683,0.481
5726,gender,Male,Female,0,0,False,41760,706,0.52
5676,gender,Female,Male,0,0,False,37442,673,0.45
9160,gender,Male,Female,0,0,False,70811,671,0.486
5695,gender,Male,Female,0,0,False,20000,664,0.313
4599,gender,Male,Female,0,0,False,52746,728,0.492
6709,gender,Female,Male,1,0,True,61223,749,0.252
8564,gender,Male,Female,0,0,False,70209,641,0.366
4493,race,White,Asian,1,0,True,26046,763,0.339
4778,gender,Male,Female,1,0,True,28365,688,0.501
7217,gender,Male,Female,0,0,False,28735,590,0.387
917,gender,Male,Female,0,0,False,60871,734,0.448
7911,gender,Male,Female,0,0,False,20000,621,0.2
1669,gender,Female,Male,0,0,False,44906,664,0.282
8471,gender,Male,Female,1,1,False,121347,728,0.446
481,gender,Male,Female,1,0,True,42646,737,0.465
5250,gender,Male,Female,0,0,False,20000,594,0.312
3548,gender,Female,Male,0,0,False,51188,625,0.545
7542,gender,Female,Male,1,1,False,20000,709,0.283
3538,gender,Female,Male,0,0,False,20000,629,0.319
4943,gender,Male,Female,0,0,False,36556,620,0.588
1894,gender,Male,Female,1,1,False,128803,821,0.373
7767,gender,Male,Female,0,0,False,31593,740,0.252
8526,race,White,Asian,0,0,False,35119,648,0.409
7381,gender,Female,Male,0,0,False,23665,697,0.318
9519,gender,Male,Female,0,0,False,26864,602,0.265
2755,race,Asian,Black,0,0,False,20000,743,0.174
9171,race,White,Hispanic,1,0,True,49162,704,0.239
3753,race,White,Black,0,0,False,63298,592,0.231
4006,gender,Female,Male,0,1,True,51022,694,0.232
7770,gender,Female,Male,0,0,False,28195,715,0.379
2049,gender,Female,Male,0,0,False,35481,625,0.195
1056,gender,Male,Female,1,1,False,90245,780,0.445
9078,race,Hispanic,White,0,0,False,40034,652,0.246
9802,race,White,Black,1,0,True,152504,777,0.404
9600,race,White,Hispanic,0,0,False,36087,699,0.41
2756,gender,Female,Male,0,1,True,43274,764,0.289
2493,race,Hispanic,Asian,0,0,False,30838,631,0.529
7254,gender,Male,Female,0,0,False,23281,622,0.579
828,gender,Female,Male,0,0,False,27609,684,0.337
7065,gender,Female,Male,1,1,False,63018,719,0.535
1679,race,White,Asian,0,0,False,40724,715,0.447
9404,race,White,Black,0,0,False,20000,573,0.194
3597,race,White,Black,1,0,True,118791,746,0.339
4475,race,Black,White,0,0,False,20000,593,0.494
4121,gender,Female,Male,0,0,False,26831,582,0.406
3147,race,Hispanic,Asian,0,0,False,20000,729,0.273
4093,gender,Male,Female,1,1,False,104364,732,0.361
9735,gender,Male,Female,0,0,False,20000,642,0.575
6707,race,Asian,White,0,0,False,47682,713,0.286
5471,race,Black,Hispanic,0,0,False,44202,660,0.454
7841,race,White,Asian,0,0,False,25849,681,0.403
6419,race,Hispanic,White,0,0,False,20000,636,0.448
8956,gender,Female,Male,1,1,False,35485,751,0.404
3566,gender,Male,Female,1,0,True,65071,752,0.404
2837,race,Asian,White,0,1,True,94615,769,0.433
75,race,Black,White,0,0,False,21501,722,0.48
4448,gender,Male,Female,0,0,False,81432,754,0.403
8144,gender,Male,Female,0,0,False,26057,698,0.453
3032,gender,Male,Female,1,1,False,93861,777,0.235
9093,race,White,Hispanic,1,0,True,70444,765,0.364
6089,race,Black,Hispanic,0,0,False,48856,693,0.468
9672,gender,Female,Male,0,0,False,22274,648,0.396
3619,race,Hispanic,White,1,1,False,154702,745,0.58
1882,race,Hispanic,Asian,0,0,False,20000,626,0.299
5736,race,Black,White,1,0,True,52731,704,0.319
3645,gender,Female,Male,0,0,False,22021,668,0.33
3219,race,Black,Hispanic,0,0,False,68840,605,0.461
3743,race,Hispanic,Asian,0,0,False,51475,707,0.255
1014,gender,Male,Female,0,0,False,36378,648,0.418
5802,gender,Male,Female,1,1,False,57218,663,0.214
4365,race,White,Hispanic,1,0,True,59343,668,0.477
7223,race,White,Asian,0,0,False,107638,647,0.566
7646,gender,Female,Male,0,0,False,64854,705,0.555
3324,gender,Male,Female,1,0,True,54303,682,0.149
59,gender,Female,Male,0,0,False,40876,598,0.347
2823,gender,Male,Female,0,0,False,37515,617,0.318
5871,race,White,Asian,1,0,True,56067,698,0.375
2095,race,White,Asian,0,0,False,20000,684,0.537
2268,race,Black,Asian,1,0,True,28267,611,0.25
4104,gender,Male,Female,1,1,False,126395,762,0.223
8887,gender,Male,Female,0,0,False,61867,554,0.485
1469,gender,Male,Female,0,0,False,48014,625,0.366
9247,race,White,Black,1,0,True,74654,719,0.371
9909,gender,Female,Male,0,0,False,58736,695,0.569
8995,gender,Female,Male,0,1,True,42477,722,0.308
9420,gender,Female,Male,0,0,False,30363,704,0.476
9521,gender,Female,Male,0,0,False,24787,637,0.471
3058,gender,Male,Female,0,0,False,58236,677,0.34
850,gender,Male,Female,1,0,True,55499,701,0.288
1084,race,Hispanic,Asian,0,0,False,50993,707,0.304
8310,gender,Male,Female,0,0,False,20000,683,0.346
4743,gender,Female,Male,0,0,False,24524,691,0.406
939,race,White,Hispanic,1,0,True,25780,744,0.215
8117,gender,Male,Female,1,0,True,25489,657,0.379
4218,gender,Male,Female,1,1,False,38267,772,0.164
4572,race,Black,Hispanic,0,0,False,35759,663,0.649
451,race,Hispanic,Asian,0,0,False,37300,698,0.394
4635,gender,Female,Male,0,1,True,36569,705,0.291
6738,gender,Female,Male,0,1,True,78525,645,0.553
1778,race,White,Asian,0,0,False,22345,620,0.133
3546,gender,Female,Male,1,1,False,81908,767,0.387
4799,gender,Male,Female,1,1,False,83140,707,0.26
1356,gender,Male,Female,0,0,False,41724,625,0.544
1010,gender,Male,Female,1,1,False,53508,760,0.313
7247,race,Black,White,1,1,False,74226,747,0.314
4683,race,Asian,Hispanic,0,0,False,59632,752,0.528
8879,race,White,Asian,1,1,False,44433,792,0.377
8053,race,Asian,Black,0,0,False,72721,689,0.139
1677,gender,Male,Female,0,0,False,44442,728,0.559
6772,gender,Female,Male,0,0,False,33139,685,0.566
6401,race,Black,White,0,0,False,33996,550,0.448
2895,gender,Male,Female,0,0,False,40752,698,0.473
8389,race,White,Black,1,0,True,46464,677,0.135
9757,gender,Male,Female,0,0,False,31736,705,0.373
6971,race,White,Hispanic,1,0,True,84009,728,0.457
6461,race,White,Black,0,0,False,39568,686,0.465
3447,race,Hispanic,White,0,0,False,64354,615,0.475
9026,race,White,Hispanic,0,0,False,60137,684,0.27
8711,race,Hispanic,Asian,0,0,False,31601,734,0.274
9007,gender,Female,Male,0,1,True,32531,765,0.429
9496,race,White,Black,0,0,False,36531,609,0.305
3162,race,White,Asian,1,0,True,43473,742,0.215
4150,gender,Male,Female,0,0,False,57489,632,0.494
1338,gender,Male,Female,1,0,True,20000,607,0.349
9756,gender,Male,Female,0,0,False,20106,702,0.246
9907,race,Hispanic,Asian,0,0,False,61432,654,0.258
3668,race,White,Black,1,0,True,20000,718,0.292
2070,gender,Male,Female,1,1,False,38613,753,0.289
3391,race,White,Asian,0,0,False,57531,662,0.298
9066,race,White,Black,0,0,False,22362,708,0.226
122,gender,Male,Female,0,0,False,20000,668,0.345
4366,gender,Male,Female,1,0,True,93898,763,0.378
8524,race,White,Black,1,0,True,60522,682,0.238
2935,race,Black,White,1,1,False,117461,774,0.497
3862,gender,Male,Female,0,0,False,43609,664,0.448
4576,race,White,Hispanic,1,1,False,28803,816,0.292
7772,gender,Female,Male,0,0,False,20000,550,0.637
5329,gender,Female,Male,0,0,False,27631,642,0.47
2243,gender,Female,Male,0,1,True,37212,692,0.379
2575,race,White,Asian,0,0,False,20000,579,0.321
5303,gender,Male,Female,0,0,False,103847,634,0.35
7371,gender,Male,Female,0,0,False,20000,615,0.292
3966,gender,Female,Male,0,0,False,57840,747,0.401
844,race,Asian,Black,0,0,False,20000,601,0.403
9440,race,Black,Hispanic,0,0,False,24332,650,0.393
4315,gender,Female,Male,0,0,False,23069,651,0.472
972,gender,Female,Male,0,0,False,57574,678,0.185
1583,gender,Female,Male,1,1,False,127748,695,0.297
9581,race,White,Hispanic,0,0,False,22263,657,0.558
1899,race,White,Hispanic,0,0,False,20358,675,0.353
6208,race,White,Black,1,0,True,32992,666,0.216
915,race,White,Asian,0,0,False,30525,661,0.512
7806,gender,Male,Female,0,0,False,41353,683,0.496
1454,gender,Male,Female,1,1,False,81455,724,0.327
5010,gender,Male,Female,0,0,False,36117,644,0.525
498,gender,Female,Male,0,0,False,22906,662,0.337
4652,gender,Female,Male,0,0,False,20000,591,0.306
597,race,Black,Hispanic,0,0,False,20000,664,0.45
1165,race,White,Asian,0,0,False,37664,715,0.232
8902,gender,Male,Female,0,0,False,37771,658,0.522
4031,race,Black,White,1,0,True,53616,645,0.302
7509,gender,Male,Female,0,0,False,20000,761,0.535
9508,race,Black,Hispanic,0,0,False,62331,666,0.362
5532,gender,Female,Male,0,1,True,30054,759,0.408
7497,race,White,Asian,0,0,False,20000,666,0.464
6090,race,White,Black,1,0,True,77317,649,0.384
4265,gender,Female,Male,0,0,False,53403,617,0.228
6876,gender,Female,Male,0,0,False,20000,652,0.23
5335,race,Asian,White,0,1,True,90721,715,0.36
2410,race,White,Asian,0,0,False,88201,645,0.468
1094,race,White,Black,1,0,True,70059,776,0.336
4143,race,White,Asian,1,0,True,57689,743,0.17
6633,race,Black,Asian,0,0,False,91107,633,0.369
3234,race,White,Black,1,0,True,117988,779,0.375
8892,race,Hispanic,Asian,0,0,False,20000,550,0.527
958,gender,Female,Male,0,0,False,21947,632,0.407
6884,gender,Female,Male,0,0,False,23580,696,0.35
2647,race,Asian,Hispanic,1,1,False,284075,721,0.431
9190,race,Hispanic,White,0,0,False,27476,668,0.367
6269,gender,Female,Male,1,1,False,36640,750,0.243
6532,race,Asian,Hispanic,0,0,False,77665,747,0.491
1287,race,White,Hispanic,1,0,True,40023,752,0.4
1421,gender,Female,Male,0,0,False,53828,645,0.404
5290,race,Black,Hispanic,0,0,False,20000,605,0.464
4513,race,White,Asian,1,1,False,196214,776,0.228
1048,race,White,Asian,0,0,False,72660,600,0.32
5858,race,White,Asian,1,1,False,67760,782,0.291
5310,gender,Male,Female,0,0,False,35118,733,0.424
9749,race,White,Black,0,0,False,20000,610,0.525
2068,race,White,Asian,1,0,True,37417,754,0.278
1440,race,Black,Hispanic,0,0,False,30100,607,0.564
8469,race,White,Hispanic,0,0,False,23541,637,0.299
3493,race,Hispanic,White,0,1,True,29093,747,0.228
5115,race,White,Hispanic,0,0,False,54182,701,0.449
8777,race,Asian,Hispanic,0,0,False,33781,699,0.323
6834,race,Asian,Hispanic,0,0,False,41607,622,0.377
1833,gender,Female,Male,0,1,True,20000,731,0.183
7692,gender,Male,Female,1,0,True,90728,705,0.311
2381,gender,Male,Female,0,0,False,24632,702,0.328
4656,gender,Female,Male,0,0,False,37789,715,0.393
5957,race,White,Hispanic,1,0,True,75281,727,0.249
7753,gender,Female,Male,1,1,False,53395,726,0.347
8329,race,Hispanic,Asian,0,0,False,34844,674,0.435
4848,race,White,Black,1,0,True,61648,756,0.337
794,race,Black,White,0,0,False,37668,657,0.497
4363,gender,Female,Male,0,0,False,41393,686,0.388
7987,race,Hispanic,Asian,1,1,False,38560,793,0.281
4878,gender,Female,Male,0,0,False,30124,606,0.298
9758,gender,Female,Male,0,0,False,48766,703,0.544
1200,gender,Female,Male,1,1,False,37189,715,0.237
2752,race,Black,Asian,1,0,True,28722,749,0.548
2970,gender,Male,Female,0,0,False,26626,687,0.518
296,race,White,Hispanic,0,0,False,29947,682,0.363
1466,gender,Male,Female,1,1,False,67478,758,0.13
9897,gender,Male,Female,0,0,False,20000,670,0.394
6957,race,White,Asian,1,1,False,63480,776,0.284
4750,race,Hispanic,White,0,0,False,26714,621,0.391
7341,race,Asian,Black,0,0,False,48472,692,0.321
9010,race,White,Asian,0,0,False,47876,730,0.368
1379,gender,Male,Female,0,0,False,32011,670,0.161
9665,race,White,Black,1,0,True,70149,708,0.356
6848,gender,Female,Male,0,0,False,54285,658,0.245
5761,race,Hispanic,Black,0,0,False,46040,630,0.219
1198,race,Asian,Hispanic,0,1,True,71387,738,0.235
4701,gender,Female,Male,0,0,False,23101,718,0.362
4432,race,White,Asian,1,0,True,99286,697,0.519
3133,gender,Female,Male,0,0,False,27629,667,0.489
5619,race,White,Black,0,0,False,79533,622,0.377
9585,gender,Male,Female,0,0,False,20000,721,0.406
1387,race,Hispanic,White,0,0,False,37051,674,0.542
7653,gender,Female,Male,0,0,False,50751,688,0.436
2940,race,White,Black,0,0,False,78131,704,0.416
2459,gender,Male,Female,1,1,False,36002,747,0.354
8957,race,Black,Asian,1,0,True,42547,703,0.278
1719,race,Asian,Black,0,0,False,20000,691,0.437
7309,gender,Male,Female,0,0,False,56869,705,0.467
6197,race,White,Hispanic,0,0,False,29432,686,0.523
7558,gender,Male,Female,1,1,False,95522,721,0.401
9417,race,White,Black,1,0,True,74762,709,0.231
7882,gender,Female,Male,0,0,False,20000,633,0.387
505,gender,Female,Male,0,0,False,28290,706,0.273
6489,gender,Female,Male,1,1,False,55796,703,0.295
3115,race,White,Hispanic,0,0,False,61265,652,0.539
1617,race,Asian,Hispanic,1,1,False,144635,830,0.273
3809,race,White,Asian,1,0,True,27953,674,0.392
3943,gender,Male,Female,1,1,False,82134,753,0.474
9880,gender,Male,Female,1,1,False,63371,771,0.451
9862,gender,Female,Male,1,1,False,54828,800,0.165
5463,race,White,Hispanic,0,0,False,56847,630,0.456
8781,gender,Male,Female,1,1,False,84896,758,0.172
4670,gender,Male,Female,0,0,False,106011,573,0.45
2553,gender,Male,Female,0,0,False,37661,796,0.265
8484,race,Asian,White,0,0,False,34220,732,0.439
2926,gender,Male,Female,1,0,True,84629,712,0.25
5249,race,White,Black,0,0,False,26029,632,0.506
5374,gender,Male,Female,0,0,False,22729,691,0.497
1598,gender,Male,Female,0,0,False,20000,690,0.129
7330,gender,Male,Female,0,0,False,24342,644,0.341
1072,race,White,Black,0,0,False,44435,620,0.343
3333,race,White,Black,0,0,False,33166,731,0.431
9273,race,Black,White,0,0,False,20000,631,0.336
4359,gender,Female,Male,1,1,False,75742,671,0.193
3751,gender,Male,Female,0,0,False,33787,614,0.379
5900,gender,Male,Female,0,0,False,40923,731,0.473
5013,race,White,Black,1,0,True,73031,757,0.379
4296,gender,Female,Male,1,1,False,55834,710,0.212
940,gender,Male,Female,1,0,True,45009,754,0.468
9044,race,White,Black,1,0,True,85045,706,0.306
1901,race,White,Black,1,0,True,61568,730,0.421
8588,race,Hispanic,Asian,0,0,False,67733,681,0.366
3180,race,Black,Hispanic,1,0,True,23590,571,0.461
5741,gender,Male,Female,0,0,False,32981,646,0.361
1926,gender,Female,Male,0,0,False,39073,661,0.275
6048,race,White,Black,1,0,True,144815,753,0.513
1545,gender,Male,Female,1,0,True,38002,716,0.333
6176,gender,Male,Female,1,1,False,48269,735,0.209
4932,gender,Male,Female,1,1,False,61730,762,0.447
5131,race,White,Black,1,0,True,86842,694,0.478
3866,gender,Female,Male,0,0,False,50842,735,0.558
7889,race,White,Black,0,0,False,37595,752,0.519
5489,race,Black,Asian,0,0,False,20000,615,0.195
7757,race,White,Hispanic,0,0,False,32015,715,0.521
8932,race,White,Black,0,0,False,70479,655,0.501
6314,race,White,Hispanic,0,0,False,20000,624,0.188
4350,gender,Male,Female,1,0,True,31779,637,0.292
9710,gender,Female,Male,0,1,True,40382,737,0.236
8114,race,Black,Hispanic,0,0,False,20000,728,0.454
517,gender,Female,Male,1,1,False,49201,736,0.372
6232,race,Asian,Black,0,0,False,53636,642,0.379
9432,gender,Male,Female,0,0,False,35429,702,0.361
9241,gender,Female,Male,0,1,True,64415,722,0.488
9576,race,White,Asian,1,0,True,49912,686,0.205
4447,race,White,Asian,0,0,False,40171,688,0.473
9450,gender,Male,Female,0,0,False,83614,708,0.395
4748,gender,Female,Male,1,0,True,20000,675,0.364
8819,race,White,Asian,1,0,True,44378,733,0.374
8438,race,White,Asian,0,0,False,35597,742,0.436
5164,gender,Male,Female,1,0,True,53373,670,0.258
1180,race,White,Black,0,0,False,44831,653,0.345
4243,gender,Female,Male,0,0,False,46761,550,0.436
7813,gender,Male,Female,1,1,False,73216,693,0.235
6936,race,White,Black,0,0,False,71567,694,0.243
7012,gender,Female,Male,0,0,False,20000,773,0.295
4020,gender,Male,Female,0,0,False,35883,663,0.393
998,race,White,Black,0,0,False,69192,761,0.585
7531,race,White,Black,1,0,True,94559,706,0.381
2254,gender,Female,Male,0,0,False,40425,666,0.539
6031,race,Black,Asian,0,0,False,20000,702,0.475
9733,race,White,Black,0,0,False,54966,729,0.519
354,gender,Female,Male,0,0,False,42100,613,0.397
8268,gender,Male,Female,0,0,False,23985,709,0.359
1641,gender,Female,Male,0,0,False,20000,697,0.254
9598,gender,Male,Female,0,0,False,23471,635,0.519
4632,race,White,Black,0,0,False,30435,626,0.378
2412,race,White,Black,1,0,True,30052,742,0.364
7749,gender,Male,Female,0,0,False,82767,601,0.338
1431,gender,Male,Female,0,0,False,26487,644,0.281
2857,race,White,Hispanic,0,0,False,26850,726,0.478
9012,gender,Female,Male,0,1,True,43241,751,0.333
5657,gender,Male,Female,0,0,False,47635,647,0.35
9750,gender,Female,Male,0,0,False,42930,674,0.18
5266,gender,Male,Female,1,0,True,44580,655,0.309
1009,race,White,Asian,0,0,False,77979,764,0.493
4136,gender,Male,Female,0,0,False,57033,691,0.459
1827,gender,Male,Female,0,0,False,23871,716,0.449
3019,gender,Male,Female,0,0,False,88784,550,0.52
851,gender,Male,Female,1,1,False,108932,735,0.421
1415,race,White,Black,1,0,True,50414,692,0.368
7226,gender,Male,Female,1,0,True,84726,700,0.242
6710,gender,Male,Female,1,0,True,77602,712,0.171
716,gender,Male,Female,0,0,False,48538,686,0.209
5097,gender,Male,Female,0,0,False,64817,631,0.234
3929,race,Black,White,0,0,False,31918,667,0.534
246,gender,Female,Male,1,1,False,26766,770,0.195
4735,gender,Female,Male,1,1,False,88594,696,0.218
2453,race,White,Black,0,0,False,62915,708,0.378
5789,gender,Male,Female,0,0,False,91932,636,0.479
8745,gender,Male,Female,1,1,False,156687,850,0.316
5436,race,Black,Hispanic,0,0,False,20000,570,0.551
7140,gender,Female,Male,0,0,False,47377,672,0.31
2081,gender,Female,Male,0,0,False,36484,688,0.385
410,gender,Male,Female,1,1,False,66404,759,0.409
3957,gender,Male,Female,0,0,False,54916,724,0.349
3399,race,White,Asian,0,0,False,40392,643,0.252
1045,race,Hispanic,Black,0,0,False,27986,595,0.247
1802,race,Black,White,0,0,False,20000,658,0.467
7879,gender,Male,Female,1,0,True,62692,671,0.424
2386,gender,Male,Female,1,1,False,104544,766,0.244
5737,race,Black,Asian,0,0,False,67485,640,0.5
859,gender,Female,Male,0,0,False,49581,664,0.313
2380,gender,Female,Male,0,0,False,46514,708,0.278
6749,race,Asian,Black,0,0,False,25438,676,0.325
9827,gender,Male,Female,0,0,False,22847,640,0.297
9966,gender,Male,Female,1,1,False,117067,771,0.189
6121,gender,Female,Male,0,0,False,29988,656,0.39
1734,race,White,Asian,0,1,True,106498,762,0.482
5148,race,Hispanic,White,0,0,False,23947,720,0.604
1115,race,White,Hispanic,0,0,False,20000,656,0.245
6666,race,Hispanic,Black,0,0,False,38633,635,0.473
7859,race,White,Hispanic,1,0,True,61985,708,0.325
7960,race,White,Black,0,0,False,27761,713,0.322
1980,gender,Male,Female,0,0,False,36180,656,0.282
8566,race,White,Black,0,0,False,50341,716,0.496
6201,race,Black,Asian,0,0,False,52358,587,0.357
2428,gender,Female,Male,0,0,False,20000,688,0.302
2562,race,Black,White,0,0,False,20733,677,0.261
7361,gender,Female,Male,0,0,False,20000,613,0.389
3513,race,Asian,Black,0,0,False,35943,636,0.311
2793,race,White,Black,0,0,False,61714,679,0.23
3470,race,White,Asian,1,1,False,74318,726,0.162
5571,race,Asian,White,1,1,False,151785,828,0.384
8849,race,White,Black,0,0,False,22236,659,0.437
7835,race,White,Asian,1,1,False,31611,800,0.363
7375,gender,Male,Female,0,0,False,50688,666,0.251
5816,race,White,Asian,0,0,False,39252,706,0.345
5597,race,White,Black,0,0,False,79723,733,0.302
5652,gender,Male,Female,1,0,True,71913,687,0.367
5416,race,White,Hispanic,1,0,True,99015,712,0.372
8980,race,White,Asian,0,0,False,28547,681,0.269
4297,gender,Female,Male,1,1,False,45230,810,0.293
8803,gender,Male,Female,1,0,True,66951,734,0.444
895,gender,Female,Male,0,0,False,30727,587,0.276
1224,gender,Female,Male,1,0,True,47552,744,0.4
8111,race,White,Hispanic,0,0,False,27081,650,0.351
5505,race,White,Asian,0,0,False,63934,621,0.161
7854,race,White,Asian,1,0,True,59181,666,0.279
3461,race,White,Asian,0,0,False,25800,680,0.353
9347,gender,Male,Female,0,0,False,48601,601,0.355
2792,race,Asian,Hispanic,1,0,True,64019,712,0.418
9948,gender,Male,Female,1,1,False,107590,828,0.441
4687,gender,Male,Female,0,0,False,24808,637,0.461
6914,gender,Male,Female,0,0,False,40372,680,0.436
4255,race,White,Hispanic,1,0,True,128235,797,0.526
6259,gender,Male,Female,0,0,False,20000,635,0.528
6071,gender,Male,Female,0,0,False,27293,602,0.298
2089,gender,Female,Male,0,0,False,23020,606,0.597
7196,gender,Male,Female,0,0,False,21655,608,0.54
6177,gender,Female,Male,0,1,True,42874,739,0.36
1933,race,White,Asian,1,1,False,101922,707,0.406
557,race,White,Hispanic,1,0,True,41418,715,0.403
9101,gender,Female,Male,0,0,False,20000,620,0.239
1701,gender,Male,Female,0,0,False,20825,748,0.236
1879,gender,Female,Male,0,0,False,30056,654,0.443
6378,race,Hispanic,Asian,0,0,False,24498,731,0.454
1626,gender,Male,Female,0,0,False,23730,550,0.297
9054,race,White,Hispanic,1,0,True,85142,705,0.232
7334,race,White,Hispanic,0,0,False,24084,617,0.246
1419,race,White,Hispanic,0,0,False,55019,709,0.348
4900,race,Asian,White,0,0,False,51107,671,0.342
4244,race,White,Black,1,0,True,46961,729,0.199
9475,race,Asian,Black,0,0,False,28839,693,0.203
6725,gender,Female,Male,0,1,True,20000,700,0.372
545,gender,Female,Male,0,0,False,39716,675,0.342
8782,race,Hispanic,Asian,0,0,False,38972,711,0.388
1116,gender,Female,Male,0,0,False,40806,687,0.45
7255,gender,Female,Male,0,0,False,20000,732,0.361
1353,race,White,Black,0,0,False,20000,634,0.314
9264,gender,Male,Female,1,0,True,20000,665,0.336
2327,race,Hispanic,Black,0,0,False,23831,657,0.531
3076,gender,Female,Male,0,0,False,41145,735,0.395
4391,race,White,Black,1,0,True,76713,731,0.232
5673,race,Black,Hispanic,1,0,True,94071,670,0.486
4426,gender,Female,Male,1,1,False,87922,774,0.234
7836,race,White,Asian,1,0,True,81162,689,0.357
5793,gender,Male,Female,0,0,False,95733,738,0.581
3537,race,White,Black,1,1,False,115372,754,0.433
1885,race,White,Asian,1,0,True,49387,677,0.378
9333,gender,Female,Male,0,0,False,20000,694,0.315
2005,race,White,Black,0,0,False,57090,641,0.527
4844,gender,Female,Male,0,0,False,31258,627,0.443
9979,gender,Male,Female,0,0,False,60535,751,0.494
3203,race,White,Hispanic,1,0,True,94717,709,0.25
2024,race,White,Asian,1,0,True,20000,739,0.39
6526,gender,Female,Male,0,0,False,52296,582,0.453
3955,race,White,Hispanic,0,0,False,70144,712,0.226
6506,gender,Male,Female,0,0,False,84725,660,0.523
7608,gender,Male,Female,0,0,False,37390,626,0.548
7081,race,White,Hispanic,1,0,True,66593,711,0.436
7498,gender,Female,Male,1,0,True,54546,708,0.168
5200,race,White,Black,1,0,True,35388,832,0.515
360,gender,Female,Male,0,0,False,20789,617,0.363
8369,race,Black,Asian,0,0,False,36025,649,0.381
9558,race,White,Hispanic,0,0,False,26042,628,0.461
2208,race,Hispanic,Asian,0,0,False,64961,642,0.317
89,gender,Female,Male,0,1,True,110439,786,0.276
9509,race,White,Hispanic,1,0,True,34192,774,0.16
5074,race,White,Asian,0,0,False,78996,658,0.283
8572,gender,Male,Female,1,1,False,58397,830,0.473
4712,race,White,Asian,1,1,False,89276,752,0.222
8234,gender,Male,Female,0,0,False,32813,650,0.366
8070,race,White,Asian,1,0,True,69113,733,0.429
7115,gender,Female,Male,1,1,False,39425,769,0.587
2608,gender,Female,Male,1,1,False,92285,712,0.438
4477,gender,Female,Male,0,0,False,38243,688,0.366
596,race,White,Black,0,0,False,24711,709,0.58
7650,gender,Female,Male,1,1,False,103084,804,0.255
7990,race,Hispanic,Asian,0,0,False,38604,658,0.284
1712,race,White,Hispanic,1,0,True,35837,785,0.538
3356,race,White,Black,0,0,False,27209,697,0.496
9577,gender,Female,Male,0,0,False,20000,709,0.366
6483,gender,Male,Female,1,0,True,33924,721,0.327
4338,race,Asian,Black,0,0,False,33273,654,0.258
6523,gender,Female,Male,0,0,False,31811,605,0.515
1876,race,White,Asian,0,0,False,43277,656,0.393
7305,gender,Female,Male,0,0,False,20000,632,0.488
5346,race,White,Hispanic,1,1,False,181272,750,0.329
3969,race,White,Asian,0,0,False,37659,695,0.207
6654,gender,Female,Male,0,1,True,33083,728,0.383
2929,race,Hispanic,Asian,0,0,False,20000,612,0.334
9415,gender,Female,Male,0,0,False,23874,659,0.325
7694,race,White,Asian,0,0,False,27862,606,0.374
5536,gender,Female,Male,0,0,False,22350,590,0.393
9518,gender,Male,Female,0,0,False,20000,578,0.447
6539,gender,Female,Male,1,1,False,72397,745,0.394
486,race,Asian,Black,0,0,False,20000,677,0.37
5056,race,Black,White,0,0,False,25634,589,0.4
6178,race,White,Asian,0,0,False,27117,598,0.206
2949,race,White,Hispanic,1,0,True,55992,793,0.479
1671,gender,Male,Female,1,0,True,45924,732,0.573
1756,gender,Male,Female,0,0,False,73357,673,0.198
127,race,Hispanic,White,0,0,False,24466,609,0.325
3863,race,White,Asian,0,0,False,41765,640,0.536
6748,gender,Male,Female,1,1,False,99068,767,0.557
5118,race,White,Black,1,0,True,66778,708,0.309
1334,gender,Female,Male,0,0,False,20237,641,0.359
6478,race,White,Black,0,0,False,30566,739,0.366
3409,race,White,Hispanic,0,0,False,40358,718,0.504
8370,gender,Female,Male,1,1,False,66440,719,0.312
4730,gender,Female,Male,1,1,False,64394,775,0.361
7503,gender,Female,Male,1,1,False,20000,747,0.178
2468,race,White,Black,1,0,True,39038,746,0.262
382,gender,Female,Male,0,0,False,53887,670,0.392
4919,race,Hispanic,Black,0,0,False,36314,743,0.4
9778,gender,Male,Female,1,0,True,70016,657,0.392
5047,gender,Male,Female,1,1,False,136119,750,0.369
4557,gender,Male,Female,1,0,True,87008,664,0.399
1467,race,Asian,Hispanic,0,0,False,37066,708,0.449
2488,gender,Male,Female,0,0,False,70003,729,0.334
7976,race,White,Hispanic,1,1,False,119424,714,0.245
981,gender,Female,Male,0,1,True,28770,733,0.25
804,gender,Female,Male,1,0,True,35237,693,0.424
967,gender,Male,Female,1,0,True,94696,747,0.362
9693,gender,Male,Female,1,1,False,65840,728,0.35
503,gender,Female,Male,0,0,False,54497,639,0.272
4957,gender,Female,Male,1,1,False,141586,671,0.522
2612,race,White,Hispanic,1,0,True,29069,788,0.488
2874,race,White,Asian,1,0,True,78161,737,0.551
9307,race,White,Black,1,0,True,90474,707,0.4
1578,gender,Female,Male,0,0,False,30065,593,0.48
6003,race,Hispanic,White,1,1,False,115220,747,0.558
6730,race,Hispanic,Black,0,0,False,65235,711,0.166
4911,gender,Male,Female,0,0,False,47192,695,0.396
4988,gender,Female,Male,0,0,False,32951,624,0.446
1112,race,White,Hispanic,0,0,False,47756,624,0.202
2550,race,White,Asian,0,0,False,70458,700,0.229
532,gender,Female,Male,0,1,True,36127,729,0.388
6010,race,White,Black,0,0,False,26175,649,0.463
9194,race,Hispanic,Black,0,0,False,32205,622,0.445
2914,race,Asian,Hispanic,1,0,True,90227,723,0.184
6394,race,Black,Hispanic,0,0,False,66547,636,0.329
9853,gender,Male,Female,0,0,False,20000,706,0.437
7002,race,White,Asian,1,0,True,38374,770,0.401
5307,gender,Female,Male,1,1,False,103234,747,0.314
6364,gender,Male,Female,0,0,False,33224,671,0.329
5976,gender,Female,Male,0,0,False,22358,591,0.554
4481,gender,Male,Female,0,0,False,49144,634,0.384
4487,race,White,Asian,1,0,True,115596,625,0.122
3150,gender,Female,Male,0,0,False,43982,689,0.275
2253,gender,Female,Male,0,0,False,53840,678,0.462
9179,race,White,Asian,0,0,False,29539,638,0.539
4716,gender,Male,Female,1,0,True,32104,712,0.48
7521,race,White,Asian,0,0,False,54272,681,0.361
4007,gender,Male,Female,1,0,True,38489,691,0.311
943,gender,Male,Female,0,0,False,21694,585,0.46
8273,gender,Female,Male,0,0,False,64423,684,0.348
1142,gender,Female,Male,0,0,False,36240,675,0.354
1291,race,White,Asian,1,0,True,30602,632,0.166
6243,race,White,Black,0,0,False,36793,618,0.464
7258,gender,Female,Male,0,0,False,44350,623,0.298
2028,race,Asian,Hispanic,0,0,False,28643,620,0.477
7907,race,White,Asian,1,0,True,20000,756,0.263
6104,race,Asian,White,1,1,False,158301,838,0.584
230,gender,Male,Female,0,0,False,37643,597,0.326
5706,race,White,Hispanic,1,0,True,42535,710,0.279
2197,race,White,Asian,0,0,False,20232,717,0.468
5023,gender,Male,Female,0,0,False,78137,752,0.339
6147,gender,Female,Male,0,1,True,71202,712,0.304
6144,gender,Female,Male,1,0,True,62160,715,0.428
6002,race,White,Asian,1,0,True,49768,748,0.502
2010,gender,Female,Male,0,0,False,26216,638,0.452
734,race,White,Hispanic,0,0,False,86422,734,0.493
6262,gender,Female,Male,0,0,False,37094,614,0.426
334,gender,Female,Male,1,1,False,157976,822,0.24
3937,race,White,Asian,0,0,False,46601,684,0.238
74,race,Hispanic,Asian,0,0,False,67387,633,0.209
5582,race,White,Hispanic,1,1,False,59091,825,0.491
1504,gender,Male,Female,1,0,True,31042,766,0.418
8943,gender,Male,Female,0,0,False,20000,645,0.28
1070,race,White,Hispanic,1,0,True,75846,711,0.233
9382,gender,Male,Female,1,1,False,44581,792,0.258
8903,race,Hispanic,Black,0,0,False,20988,744,0.465
5901,race,Black,Hispanic,0,0,False,32871,652,0.47
163,race,Black,White,1,0,True,54796,709,0.565
5728,race,White,Hispanic,0,0,False,21949,724,0.442
8261,gender,Male,Female,1,1,False,57957,756,0.232
1028,gender,Male,Female,0,0,False,20000,671,0.584
3561,gender,Male,Female,1,1,False,86019,799,0.222
6807,gender,Male,Female,1,0,True,39015,705,0.506
9202,gender,Male,Female,1,0,True,24701,719,0.399
7071,race,White,Asian,1,1,False,128835,717,0.433
434,race,White,Asian,1,1,False,34671,751,0.279
9063,race,Hispanic,Black,0,0,False,49147,675,0.464
8450,race,Hispanic,Asian,0,0,False,21098,643,0.321
3080,gender,Female,Male,1,1,False,465873,850,0.406
4950,gender,Male,Female,0,0,False,20000,650,0.186
1883,race,Black,White,1,0,True,92225,633,0.382
2710,gender,Male,Female,1,1,False,144736,767,0.189
8792,gender,Female,Male,0,0,False,61186,570,0.244
3747,race,Black,Hispanic,0,0,False,20000,601,0.441
6673,gender,Female,Male,1,1,False,148966,825,0.312
9526,race,White,Black,0,0,False,48819,769,0.463
9738,race,White,Asian,1,0,True,28779,733,0.314
8478,gender,Male,Female,0,0,False,28999,691,0.612
9761,gender,Female,Male,1,1,False,73611,846,0.335
4630,race,White,Black,1,0,True,55275,703,0.293
9033,gender,Female,Male,0,0,False,20000,698,0.228
241,race,Asian,Hispanic,0,0,False,20774,756,0.311
288,gender,Male,Female,1,0,True,27938,653,0.212
210,race,White,Asian,0,0,False,32448,749,0.186
3735,race,White,Black,0,0,False,74104,714,0.444
2352,race,Asian,Black,0,0,False,70752,722,0.513
9952,gender,Female,Male,0,0,False,20000,614,0.586
7087,gender,Female,Male,0,0,False,35512,629,0.31
1979,gender,Male,Female,0,0,False,43161,764,0.553
7966,race,White,Black,0,0,False,33495,618,0.551
2325,race,Hispanic,Asian,0,0,False,56680,685,0.524
500,gender,Male,Female,1,0,True,58215,778,0.494
3791,gender,Male,Female,0,0,False,20000,661,0.449
8955,race,White,Black,0,0,False,24500,588,0.159
